Clase,Estado,Fecha de solicitud,fecha_atención,Mes,lugar,latitud,longitud,Actividad,comentario,Columna 11,Foto,Responsable,Detalle
Propagación y plantación,,,30/03/2026,marzo,,"-12,0715","-77,0813",,Poda de ficus en Estructuras,,https://upload.wikimedia.org/wikipedia/commons/e/eb/Ashikaga_Flower_Park_Wisteria_2012.jpg,,
Propagación y plantación,,,30/03/2026,marzo,FARES,"-12,0646","-77,0786",, riego nocturno,,,,
Mejoramiento de Jardin de OCAI,,,28/03/2026,marzo,OCAI,"-12,0683","-77,0780",,Desmalezado,,https://drive.google.com/file/d/1CowPR8ah_DquYFO776CAXJSQTtYEte-Y,,
Mantenimiento de Jardin de Estacionamiento,,,27/03/2026,marzo,Estacionamiento,"-12,0693","-77,0816",,Deshierbo  jardineles Playa estacionamiento ciencias,,https://drive.google.com/file/d/1hMA2vm5YLFv1oTYdtL-WfhdwPlmOhl5N,,
Mantenimiento de Jardin de arte Antiguo,,,27/03/2026,marzo,arte Antiguo,"-12,0703","-77,0789",,Poda de lantana arbol alamos en artes antiguo,,https://drive.google.com/file/d/1aQisFhrXJFiTJw-C6FtY3ZeXN4BgB_T-,,
Mantenimiento de Jardin de arte Nuevo,,,27/03/2026,marzo,arte Nuevo,"-12,0668","-77,0796",,Poda de molles,,https://drive.google.com/file/d/1s5a226i6X8HoKVwWg79AbKet-I-uknzn,,
Mejoramiento de Jardin de ingenieria,,,26/03/2026,marzo,ingenieria,"-12,0712","-77,0815",,Sembrado de durantas y saguinarias ingenieria,,https://drive.google.com/file/d/1b9sgB1jY0ekyDSi4WUDPpuvcOn86JEea,,
Mnatenimiento de Jardin de ING CIVIL,,,26/03/2026,marzo,ING CIVIL,"-12,0717","-77,0817",,Canteo y poda en Estructuras,,https://drive.google.com/file/d/1sysAU2LrSWGO3JmM54PekgnASGxQVScc,,
Mantenimiento de Jardin de ING CIVIL,,,25/03/2026,marzo,ING CIVIL,"-12,0700","-77,0809",,Canteo en Estructuras,,https://drive.google.com/file/d/1izm3nTQLjCLfwZWNIEx2Rwm-c7V89oij/view?usp=drive_link,,
Mejoramiento de Jardin de Derecho,,,24/03/2026,marzo,Derecho,"-12,0689","-77,0789",,Siembra de plantas en jardinera de Derecho,,https://drive.google.com/file/d/1nREOMoy0Kukx3trVRhKd0BQ6EzuSvzp8/view?usp=drive_link,,
Mejoramiento de  Jardin Central,,,24/03/2026,marzo,Jardin Central,,,,Canteo y Siembra de sanguinarias,,https://drive.google.com/file/d/1lqmvfeJ2z4Th7DxauMy0xLBERUpi7yey/view?usp=drive_link,,
Manteminiento de Jardin de BCIA,,,24/03/2026,marzo,BCIA,,,,Dehierbo BCA,,https://drive.google.com/file/d/1CFJvlP0gcPhalkCRE-0dXwGoAyIivQF_/view?usp=drive_link,,
Mantenimiento de  Jardín central,,,24/03/2026,marzo,Jardín central,,,,Poda jardín central,,https://drive.google.com/file/d/1CoIG0JUKdyUaChVsMyznD5NgHjez4kNH/view?usp=drive_link,,
Mejoramiento de  Gelarti,,,24/03/2026,marzo,Gelarti,,,,Canteo deshierbo poda de cerco y un arbol ingenieria y gelarti,,https://drive.google.com/file/d/1Ozc8rOoIP_-jFz7TssvqUSdRXY-d8lds/view?usp=drive_link,,
Mejoramiento de Jardin de Estudios generales ciencias,,,23/03/2026,marzo,Estudios generales ciencias,,,,Canteo poda de lantanas barrido de hojas y se boto un coche com maleza,,Estudios generales ciencias.jpeg,,
Desmalezado de veredas ,,,20/03/2026,marzo,"playas O, D Y C",,,,Desmalezado,,https://drive.google.com/file/d/1gHBmP_z21YBYHR7bx34CZFGMmaUXWWRB/view?usp=drive_link,,
Mejoramiento de Jardin de Derecho,,,19/03/2026,marzo,Derecho,,,, confitillo en Derecho,,https://drive.google.com/file/d/1c0HuCNL0wggK5t2XTD699lBEa9RULVf2/view?usp=drive_link,,
Mejoramiento de Jardin de Derecho,,,19/03/2026,marzo,Derecho,,,,Arregló de plazuela de Derecho santolina en Derecho,,https://drive.google.com/file/d/1QkC63B9WhQs11-Ztliz-qqkEjbxvg4at/view?usp=drive_link,,
Mejoramiento de Jardin de Pabellon Z,,,19/03/2026,marzo,Pabellon Z,,,,Echando mulch en la virgen de Z,,https://drive.google.com/file/d/1tGobexAmLt1LVsxOYST09NbpsFPqQjEe/view?usp=drive_link,,
Mejoramiento de Jardin de Minas,,,18/03/2026,marzo,Minas,,,,Se maleza de ichu en Minas,,https://drive.google.com/file/d/1yC0eTRAy9j0X4Qq_CwuJxA0sX6fSV4Ev/view?usp=drive_link,,
Mejoramiento de Jardin de estudio TV,,,17/03/2026,marzo,estudio TV,,,,Barrido de hoja estudio TV,,https://drive.google.com/file/d/1Y9r2sGnrWqOYa1QD8Z7qxDeAUCMnX3Rt/view?usp=drive_link,,
Mejoramiento de Jardin de CAPU,,,17/03/2026,marzo,CAPU,,,,Se colocó gras en CAPU,,https://drive.google.com/file/d/1OFJVRdMDFCObGmjyk1NmnKcIejZxy8ZH/view?usp=drive_link,,
Mejoramiento de Jardin de letras,,,17/03/2026,marzo,letras,,,,Poda letra,,https://drive.google.com/file/d/14lBDJ1mYfvyv_AqFKEbAbJcTPRJiEfan/view?usp=drive_link,,
Mejoramiento de Jardin de Z,,,17/03/2026,marzo,Z,,,,Poda de ponceana en Z,,https://drive.google.com/file/d/1Q0d25xnws7mak8q65Bfatsl9lio_e94j/view?usp=drive_link,,
Mejoramiento de Jardin de Derecho,,,16/03/2026,marzo,Derecho,,,, gras en Derecho,,https://drive.google.com/file/d/18JJl6ANVhnmJ2jld888UM-zNrUSUE-v1/view?usp=drive_link,,
Mejoramiento de Jardin de Química,,,16/03/2026,marzo,Química,,,,Castrado de palmeras y plantado de palmeras,,https://drive.google.com/file/d/1H4uQ4wFTtCh3ZPxXGtYIMUbRUpYXaXzD/view?usp=drive_link,,
Mejoramiento de Jardin de Química,,,16/03/2026,marzo,Química,,,,"Apoyo en extracción de abutilon , gras y palmeras frente a Química",,https://drive.google.com/file/d/15CL36Di4ABfDX8-zubm1AfM30NtH-ItM/view?usp=drive_link,,
Mejoramiento de Jardin de educación,,,16/03/2026,marzo,educación,,,,Canteo educación,,https://drive.google.com/file/d/1H5-mJmgV60y7MAjwO907PNCEW-Y6zzvX/view?usp=drive_link,,
Mejoramiento de Jardin de ceprepucp,,,12/03/2026,marzo,ceprepucp,,,,Arreglo de cactario en ceprepuc,,https://drive.google.com/file/d/1AsU31eOq0RAffeoc6bfItWkDrCiTKa8w/view?usp=drive_link,,
Mejoramiento de Jardin de Química,,,11/03/2026,marzo,Química,,,,Se plantó pavay en quinica,,https://drive.google.com/file/d/1uQOqKmZ-6HHuxgl2q9r57iuzdTG6Othf/view?usp=drive_link,,
Mejoramiento de Jardin de OCAI,,,11/03/2026,marzo,OCAI,,,,Deshierbo de macizos ( OCAI ),,https://drive.google.com/file/d/14ELlDHrTyaJTv6DndZkVlnPflMBDD2vC/view?usp=drive_link,,
Mejoramiento de Jardin de ceprepucp,,,10/03/2026,marzo,ceprepucp,,,,Nivelando terreno en el cactario de ceprepuc,,https://drive.google.com/file/d/1BA_Q9fx0qVgckfcBRi17ZPyWBfWfnXb_/view?usp=drive_link,,
"Mejoramiento de Jardin de Teología , Derecho",,,10/03/2026,marzo,"Teología , Derecho",,,,Poda en Teología y Derecho,,https://drive.google.com/file/d/188TOWTWQN3RwgGJ3EF51QC5BlQqU7WM0/view?usp=drive_link,,
Mejoramiento de Jardin de principal,,,10/03/2026,marzo,principal,,,,"Remoción, siembra y riego de durantas, sector puerta principal.",,,,
Mejoramiento de Jardin de pabellon V,,,10/03/2026,marzo,pabellon V,,,,Se echó confitillo en pabellón V,,https://drive.google.com/file/d/1m7azMWzzrEhCj_mJQxpQa16Fz9Nt9A78/view?usp=drive_link,,
Mejoramiento de Jardin de dinthilac,,,09/03/2026,marzo,dinthilac,,,,Se terminó sembrado de duranta en la bandera,,https://drive.google.com/file/d/1Oj_fIyS7BlYAs2mxGaIeh9Dy2CwMjJXz/view?usp=drive_link,,
Mejoramiento de Jardin de pabellon V,,,09/03/2026,marzo,pabellon V,,,,30 sacos de confitillo en pabellón V,,https://drive.google.com/file/d/1qHDdZx8Tii5mumT8tklIK7tYm8WWrVIg/view?usp=drive_link,,
Mejoramiento de Jardin de dinthilac,,,09/03/2026,marzo,dinthilac,,,,Sembrado duranta en la bandera,,https://drive.google.com/file/d/1WWbSWv-lvQDUhzbyBRm6rBn1p4BS4-eX/view?usp=drive_link,,
Mejoramiento de Jardin de civil,,,07/03/2026,marzo,civil,,,,Sembrado en estructuras,,https://drive.google.com/file/d/1ozhFpOtNXJuxBvHC_OiJngA14PcvyiuH/view?usp=drive_link,,
Mejoramiento de Jardin de Gastronomía,,,05/03/2026,marzo,Gastronomía,,,,Canteo Gastronomía,,https://drive.google.com/file/d/1KuuRxC-poz9ZsuVlH_KdEXavVEn_qjHA/view?usp=drive_link,,
Mejoramiento de Jardin de civil,,,05/03/2026,marzo,civil,,,,Canteo Estructuras,,https://drive.google.com/file/d/1zKp9FBFPWk625EnQdoMELSFrxeWxlG-Z/view?usp=drive_link,,
Mejoramiento de Jardin de  Biblioteca Central,,,05/03/2026,marzo, Biblioteca Central,,,,Siembra de 10 plantas de café en Biblioteca Central,,https://drive.google.com/file/d/1PUH1WwEgI16ohRt-fAHIfo62VuH0VNgC/view?usp=drive_link,,
Mejoramiento de Jardin de civil,,,04/03/2026,marzo,civil,,,,Poda de ficus en Estructuras,,https://drive.google.com/file/d/1nutkYW5M_y9SovE0iOxiZP_vpXTE1QFh/view?usp=drive_link,,
"Mejoramiento de Jardin de Comedor Central, Gastronomía y Matemática",,,04/03/2026,marzo,"Comedor Central, Gastronomía y Matemática",,,,"Canteo en Matemáticas , comedor central y Gastronomía",,https://drive.google.com/file/d/1zakCcGEoEdniYcBNcy1LVwUpnFtM05J6/view?usp=drive_link,,
Mejoramiento de Jardin de Sociales,,,04/03/2026,marzo,Sociales,,,,Siembra de plantas en CCSS y Frutilla,,https://drive.google.com/file/d/12lvSBuomPjv9jUvLpI2zaPnTeGFVZ1p_/view?usp=drive_link,,
Mejoramiento de Jardin de Z,,,04/03/2026,marzo,Z,,,,Siembra de arbusto en Z,,https://drive.google.com/file/d/1xpFqU3YFSMCLQ__fi5i02eiLY93KwWcu/view?usp=drive_link,,
Mejoramiento de Jardin de pabellon G,,,04/03/2026,marzo,pabellon G,,,,Se sacó gras en pabellón G,,https://drive.google.com/file/d/1KRzqVg6bjrRG4p-or2khQn4JMZzk9s9f/view?usp=drive_link,,
Mejoramiento de Jardin de Matemáticas,,,03/03/2026,marzo,Matemáticas,,,,Canteo y poda en Matemáticas,,https://drive.google.com/file/d/1xP7m5nBOzhbZq7EeRmJa1SDuClDMs0ON/view?usp=drive_link,,
Mejoramiento de Jardin de Matemáticas,,,02/03/2026,marzo,Matemáticas,,,,Canteo en Matemáticas,,https://drive.google.com/file/d/1scw8WOrfDCQ8xuzM3IvloykdWf782DqP/view?usp=drive_link,,
Mejoramiento de Jardin de Arqueología,Cerrado,,09/02/2026,febrero,Arqueología,,,,Canteo arqueológia,,,,
Mejoramiento de Jardin de química y ingenieria,Cerrado,,09/02/2026,febrero,química y ingenieria,,,,Canteo jardines química y ingenieria,,,,
Mejoramiento de Jardin de Fisica,Cerrado,,06/02/2026,febrero,Fisica,,,,Canteo y poda en Fisica,,,,
Mantenimiento de Jardin de Comedor Central,Cerrado,,31/01/2026,enero,Comedor Central,,,,Hojas c. Central,,,,
Mantenimiento de Jardin de frutas,Cerrado,,31/01/2026,enero,frutas,,,,Riego de jardin de frutas,,,,
Mantenimiento de Jardin de Capu,Cerrado,,31/01/2026,enero,Capu,,,,Riego de Capu,,,,
Mantenimiento de Jardin de Arquitectura,Cerrado,,31/01/2026,enero,Arquitectura,,,,Riego de Arquitectura,,,,
Mantenimiento de Jardin de Comedor Central,Cerrado,,31/01/2026,enero,Comedor Central,,,,Riego de  Comedor Central,,,,
Mantenimiento de Jardin de Educación,Cerrado,,31/01/2026,enero,Educación,,,,Barrido y botado de hojas en educación,,,,
Mantenimiento de Jardin de Educación,Cerrado,,31/01/2026,enero,Educación,,,,Poda educación,,,,
Mantenimiento de Jardin de Arquitectura,Cerrado,,29/01/2026,enero,Arquitectura,,,,Se activo 3 aspersores en Arquitectura turno noche,,,,
Mantenimiento de Jardin de Arquitectura,Cerrado,,29/01/2026,enero,Arquitectura,,,,Canteo,,,,
Mantenimiento de Jardin de Estudio TV,Cerrado,,29/01/2026,enero,Estudio TV,,,,"Barrido de hojas, jardín estudio TV.",,,,
Mantenimiento de Jardin de Polideportivo,,,29/01/2026,enero,Polideportivo,,,,Riego lo ha campeado en deporte,,,,
Mantenimiento de Jardin de Rivaguero,,,29/01/2026,enero,Rivaguero,,,,Deshierbo en poncianas,,,,
Mantenimiento de Jardin de Química ,,,29/01/2026,enero,Química ,,,,Canteo,,,,
Mantenimiento de Jardin de Arquitectura,,,28/01/2026,enero,Arquitectura,,,,Barrido de hojas en Arquitectura,,,,
Mantenimiento de Jardin de pabellón V,Cerrado,,28/01/2026,enero,pabellón V,,,,Barrido de hojas pabellón V,,,,
Mantenimiento de Jardin de baobas,Cerrado,,28/01/2026,enero,baobas,,,,Canteo baobas,,,,
Mantenimiento de Jardin de OCAI,,,28/01/2026,enero,OCAI,,,,Barrido,,,,
Mantenimiento de Jardin de FARES,,,27/01/2026,enero,FARES,,,,Poda de enredaderas artes ecenicas,,,,
Mantenimiento de Jardin de letras y humanidades,,,27/01/2026,enero,letras y humanidades,,,,Canteo poda letras humanidades,,,,
Mantenimiento de Jardin de Arquitectura,,,27/01/2026,enero,Arquitectura,,,,Canteo y poda en Arquitectura,,,,
Mantenimiento de Jardin de Arte Nuevo,,,27/01/2026,enero,Arte Nuevo,,,,"
Canteo  poda de granado y barrido de hojas artes nuevo",,,,
Mantenimiento de Jardin de FARES,,,26/01/2026,enero,FARES,,,,Poda de tipa en artes ecenicas,,,,
Mejoramiento de Jardin de centro de acopio,,,24/01/2026,enero,centro de acopio,,,,desmalezado,,,,
Mantenimiento de Jardin de CAPU,,,23/01/2026,enero,CAPU,,,,Canteo CAPU,,,,
Mejoramiento de Jardin de Pabellón Z,,,22/01/2026,enero,Pabellón Z,,,,Siembra de guanabana,,,,
Mantenimiento de Jardin de  Gestión,,,22/01/2026,enero, Gestión,,,,Canteo y poda en Gestión,,,,
Recuperación de Jardin de OCAI,,,22/01/2026,enero,OCAI,,,,Se terminó sacado de grass en esta zona OCAI,,,,
Mantenimiento de Jardin de FARES,Cerrado,,22/01/2026,enero,FARES,,,,Continuando canteo en fares,,,,
Mantenimiento de Jardin de educación,Cerrado,,21/01/2026,enero,educación,,,,Canteo educación,,,,
Mantenimiento de Jardin de TINKUY,,,21/01/2026,enero,TINKUY,,,,poda,,,,
Mantenimiento de Jardin de educación,,,21/01/2026,enero,educación,,,,poda,,,,
Mantenimiento de Jardin de FARES,,,20/01/2026,enero,FARES,,,,Canteo fares,,,,
Mantenimiento de Jardin de TINKUY,Cerrado,,20/01/2026,enero,TINKUY,,,,"Deshierbo y canteo, sector Tinkuy.",,,,
Recuperación de Jardin de OCAI,Cerrado,,20/01/2026,enero,OCAI,,,,Sacando gras en OCAI,,,,
Mantenimiento de Jardin de Pabellón Z,Cerrado,,19/01/2026,enero,Pabellón Z,,,,Canteo en Z,,,,
Mantenimiento de Jardin de FARES,Cerrado,,19/01/2026,enero,FARES,,,,Canteo artes esenicas,,,,
Mantenimiento de Jardin de comedor central,Cerrado,,19/01/2026,enero,comedor central,,,,Poda  en jardín de Comedor Central,,,,
Mejoramiento de Jardin de EEGGLL (Estudios generales Letras),Cerrado,,19/01/2026,enero,EEGGLL (Estudios generales Letras),,,,Puesta de bloques de grass (EEGGLL),,,,
Recuperación de Jardin de OCAI,Cerrado,,19/01/2026,enero,OCAI,,,,Retiro de bloques de grass (OCAI),,,,
Mantenimiento de Jardin de CENTENARIO,Cerrado,,17/01/2026,enero,CENTENARIO,,,,Riego Sociales y Centenario,,,,
Mantenimiento de Jardin de Facultad de Ingenieria,Cerrado,,17/01/2026,enero,Facultad de Ingenieria,,,,Deshierbo,,,,
Mantenimiento de Jardin de polideportivo,Cerrado,,17/01/2026,enero,polideportivo,,,,Riego en polideportivo,,,,
Mantenimiento de Jardin de Química,Cerrado,,17/01/2026,enero,Química,,,,Riego jardines  Química ingenieria y jarnineles alrededor,,,,
Mantenimiento de Jardin de Jardin Central,Cerrado,,17/01/2026,enero,Jardin Central,,,,Riego jardín central,,,,
Mantenimiento de Jardin de Comedor de letras,Cerrado,,17/01/2026,enero,Comedor de letras,,,,Riego jardín comedor de letra,,,,
Mantenimiento de Jardin de CAPU,Cerrado,,16/01/2026,enero,CAPU,,,,Canteo CAPU,,,,
Mejoramiento de Jardin de estudios generales letras,Cerrado,,16/01/2026,enero,estudios generales letras,,,,Habilitación del suelo para la puesta de grass.,,,,
Mantenimiento de Jardin de Comedor de Arte Antiguo,Cerrado,,15/01/2026,enero,Comedor de Arte Antiguo,,,,Canteo en cafetería arte antigua,,,,
Mantenimiento de Jardin de  dintilhac y servicio médico,Cerrado,,13/01/2026,enero, dintilhac y servicio médico,,,,Canteo en dintilhac y servicio médico,,,,
Mantenimiento de Jardin de Biblioteca Central,Cerrado,,13/01/2026,enero,Biblioteca Central,,,,Canteo en Biblioteca Central,,,,
Mantenimiento de Jardin de jardín central.,Cerrado,,13/01/2026,enero,jardín central.,,,,Se continúa con el canteo y deshierbo en el jardín central.,,,,
Mantenimiento de Jardin de jardín central.,Cerrado,,12/01/2026,enero,jardín central.,,,,"Poda y deshierbo, jardín central.",,,,
Mantenimiento de Jardin de entrada prinsipal,Cerrado,,12/01/2026,enero,entrada prinsipal,,,,Canteo jardin entrada prinsipal,,,,
Mantenimiento de Jardin de comedor central,Cerrado,,10/01/2026,enero,comedor central,,,,Riego comedor central,,,,
Mantenimiento de Jardin de polideportivo,Cerrado,,10/01/2026,enero,polideportivo,,,,Riego polideportivo,,,,
Mantenimiento de Jardin de servicios generales,Cerrado,,09/01/2026,enero,servicios generales,,,,"Poda y canteo, sector de maestranza.",,,,
Mantenimiento de Jardin de Polideportivo,Cerrado,,09/01/2026,enero,Polideportivo,,,,Canteo Polideportivo,,,responsable,
Mantenimiento de jardines,Cerrado,,09/01/2026,enero,OCAI,"-12,0682","-77,0780",Limpieza integral de jardineras,"Canteo y barrido, sector OCAI.",,https://drive.google.com/file/d/1kw6fuR97UxO4v_rLrxNQTRZyHibqLFHp/view?usp=sharing,responsable,
Poda,Cerrado,,09/01/2026,enero,Mac Gregor,"-12,0688","-77,0791",Poda de despeje/reducción,Poda y deshierbo por Mac Gregor.,,https://drive.google.com/file/d/1eKJRLuUELRzyAx1EbwNOEkwbIiskX7Iu/view?usp=sharing,responsable,
Mantenimiento de jardines,Cerrado,,08/01/2026,enero,área Deportes,"-12,0662","-77,0797",Canteo,Canteo área Deportes,,https://drive.google.com/file/d/1Xmfjq8g11IE899EJj82flzO7ue53Ew6X/view?usp=sharing,responsable,
Poda,Cerrado,,07/01/2026,enero,puerta principal.,"-12,0689","-77,0783",Poda de mantenimiento,Poda y deshierbo en la puerta principal.,,https://drive.google.com/file/d/1vs_69tPdoqJ3b1i_yoT5ojO4H0KQH9me/view?usp=sharing,responsable,
Mantenimiento de jardines,Cerrado,,07/01/2026,enero,CENTENARIO,"-12,0709","-77,0805",Deshierbo, Deshierbo y poda de jardineras ,,https://drive.google.com/file/d/1_AK4783kbvSbLICvkFi8ckI8PUCw1dG9/view?usp=sharing,responsable,
Mantenimiento de jardines,Cerrado,,06/01/2026,enero,Polideportivo,"-12,0670","-77,0801",Canteo,Canteo y poda Polideportivo,,https://drive.google.com/file/d/1S8pZRRtQwiYJowwxuRbPNViPntbxddMs/view?usp=sharing,responsable,
Riego,Cerrado,,06/01/2026,enero,Centenario,"-12,0709","-77,0803",Riego manual,Riego,,https://drive.google.com/file/d/1E5DAOpo7cy2eDVYPVWitU21nk7LG1778/view?usp=sharing,responsable,
Mantenimiento de jardines,Cerrado,,06/01/2026,enero,Tinkuy,"-12,0683","-77,0794",Limpieza de hojarasca,Barrido de hojas,,https://drive.google.com/file/d/1Z9NrPIqS7pVPvAKf3xjzvQZOFZCQiQf-/view?usp=sharing,responsable,
Mantenimiento de jardines,Cerrado,,05/01/2026,enero,INRAS,"-12,0656","-77,0817",Canteo,Canteo y poda ,,https://drive.google.com/file/d/1sQLRCCefzkgIxc-yG-unKnU9tXKc3eWs/view?usp=sharing,responsable,
Mantenimiento de jardines,Cerrado,,05/01/2026,enero,Mac Gregor,"-12,0685","-77,0791",Limpieza de hojarasca,Barrido de hojas,,https://drive.google.com/file/d/1sQLRCCefzkgIxc-yG-unKnU9tXKc3eWs/view?usp=sharing,responsable,
Propagación y plantación,,,05/05/2026,mayo,Dinthilac,"-12,0693","-77,0794",Propagación por esquejes,Senbrado de sanguinaria ,,https://drive.google.com/uc?export=view&id=1Ol1BXPr_Db6YyXOwdaOq_2KsbgEsiR0i,responsable,
Poda,,,05/05/2026,mayo,Gelarti,"-12,0715","-77,0798",Poda de despeje/reducción,Canteo y poda de cercos,,https://drive.google.com/file/d/1Vsd5PlfzHtbDbTzY4d535JkZx8liSlm1/view?usp=drive_link,responsable,
Poda,,,05/05/2026,mayo,Comedor central,"-12,0707","-77,0813",Poda de despeje/reducción,Poda cerco de lantana,,https://drive.google.com/file/d/1bAuowVDzqe7YB19ZuF6EU5z7WkSvSWHx/view?usp=drive_link,responsable,
Rehabilitación y rediseño de jardines,,,05/05/2026,mayo,Tinkuy,"-12,0682","-77,0795",Renovación de cobertura ornamental,Se echó confitillo,,https://drive.google.com/file/d/1o0wVpx5XDlflCOxI3dzTlxWVj0MDATpH/view?usp=drive_link,responsable,
Poda,,,06/05/2026,mayo,Sala cuna,"-12,0679","-77,0788",Poda de despeje/reducción,Poda árbol,,https://drive.google.com/file/d/17BnU8QERtxov5rki3YZUNzRyRiCHtgAX/view?usp=drive_link,responsable,
Propagación y plantación,,,07/05/2026,mayo,Pabellón Z,"-12,0691","-77,0810",Siembra de plantas,Siembra de congona,,https://drive.google.com/file/d/1CarvGGFxvCkeHX0ZKwqwLKH4zDgYJeTW/view?usp=sharing,responsable,
Propagación y plantación,,,08/05/2026,mayo,Estudios Generales Ciencias,"-12,0707","-77,0797",Propagación por esquejes,Siembra de sanguinaria,,https://drive.google.com/file/d/1Y73vZJxI1gMDO2w0B6IzsrE6petXRaxh/view?usp=drive_link,responsable,
Propagación y plantación,,,11/05/2026,mayo,Pabellón Z,"-12,0691","-77,0811",Siembra de plantas,Siembra jardineras,,https://drive.google.com/file/d/1t-FnWh1bG0kQMDJn9G7SFsu9XsX-JjUy/view?usp=drive_link,responsable,
Mantenimiento de jardines,,,11/05/2026,mayo,Arquitectura,"-12,0718","-77,0811",Deshierbo,Deshierbo,,https://drive.google.com/file/d/1olo-qetxNBONsWPxbCSza8ll7lj7WiC4/view?usp=sharing,responsable,
Mantenimiento de jardines,,,11/05/2026,mayo,Matemáticas,"-12,0709","-77,0813",Canteo,Canteo jardín,,https://drive.google.com/file/d/1X2vZ12NikiEIxJjJuwXRA_howilAT2gq/view?usp=drive_link,responsable,
Mantenimiento de jardines,,,11/05/2026,mayo,Arte y Diseño,"-12,0671","-77,0783",Canteo,Canteo jardin de baobas,,https://drive.google.com/file/d/1Ujj-u9fQ9slmzw35nmrGqDpVleJV9T0h/view?usp=sharing,responsable,
Poda,,,12/05/2026,mayo,Huaca,"-12,0672","-77,0782",Poda de despeje/reducción,Poda de árbol,,https://drive.google.com/file/d/1HwJJJ9XBMN5e4wtzYrG4-S0f4ONhZRF8/view?usp=sharing,responsable,
Mantenimiento de jardines,,,12/05/2026,mayo,Matemáticas,"-12,0710","-77,0813",Canteo,Canteo y poda Matemáticas,,https://drive.google.com/file/d/1rnGn0aa-9uVI2YJnxIDJ4tVJihvZm3oD/view?usp=sharing,responsable,
Mantenimiento de jardines,,,12/05/2026,mayo,CCSS,"-12,0711","-77,0802",Limpieza integral de jardineras,Arreglo de jardinera y poda CCSS,,https://drive.google.com/file/d/1pv5S5bJq-7PmEoejoy5LCK4varybHdYB/view?usp=sharing,responsable,
Rehabilitación y rediseño de jardines,,,13/05/2026,mayo,Psicología,"-12,0682","-77,0804",Resiembra,Resiembra,,https://drive.google.com/file/d/1qbFTnWIL2FkVu9FbUN2N9H-vipwf0oUc/view?usp=sharing,responsable,
Rehabilitación y rediseño de jardines,,,13/05/2026,mayo,EEGGLL (Estudios generales Letras),"-12,0672","-77,0801",Resiembra,Resiembra,,https://drive.google.com/file/d/1aPONBUBvjvjwRP-mRuLIZNsEAz1LRqn1/view?usp=sharing,responsable,
Rehabilitación y rediseño de jardines,,,13/05/2026,mayo,Arquitectura,"-12,0718","-77,0811",Renovación de jardineras,Arreglo de macizo,,https://drive.google.com/file/d/1kHl_0EyuMi9ENw2ThStITbyKKqlpwshb/view?usp=sharing,responsable,
Propagación y plantación,,,14/05/2026,mayo,Pabellón Z,"-12,0692","-77,0809",Siembra de plantas,Siembra de achira,,https://drive.google.com/file/d/1dKW70QokIcQsPq79hsky_gppwCl8-LGl/view?usp=sharing,responsable,
Habilitación de jardines,,,15/05/2026,mayo,Pabellón Z,"-12,0692","-77,0808",Instalación de césped,Se colocó champa de grass,,https://drive.google.com/file/d/18nRlJtMKcU6riLPpYJ0kh_dnGlxPSBX5/view?usp=sharing,responsable,
Propagación y plantación,,,15/05/2026,mayo,Ing CIVIL,"-12,0716","-77,0814",Siembra de plantas,Sembrado de achira,,https://drive.google.com/file/d/1Nas4Z-ZrAxfm5oLA0GZ4LZIibNp7GEif/view?usp=sharing,responsable,
Mantenimiento de jardines,,,15/05/2026,mayo,Fares,"-12,0654","-77,0783",Limpieza de hojarasca,Barrido de hojas,,https://drive.google.com/file/d/1GU2T3ufmc2wWT50ZAWWMNnanr8satr87/view?usp=sharing,responsable,
Mantenimiento de jardines,,,15/05/2026,mayo,CCSS,"-12,0711","-77,0802",Limpieza integral de jardineras,Macizo,,https://drive.google.com/file/d/1MMlHyZmJSHxvAhJC2eB6nKnf_pUlQ-DR/view?usp=sharing,responsable,
Mantenimiento de jardines,,,18/05/2026,mayo,Fares,"-12,0655","-77,0782",Canteo,Canteo y barrido,,https://drive.google.com/file/d/1jitOKb85UBpEkrgE6Rb4Hn0yEZ5AWOja/view?usp=sharing,responsable,
Mantenimiento de jardines,,,18/05/2026,mayo,Física,"-12,0715","-77,0801",Canteo,Canteo,,https://drive.google.com/file/d/1fbNJ7gxcE7HJc8quwNUYJGoBRJy-gJo3/view?usp=sharing,responsable,
Mantenimiento de jardines,,,19/05/2026,mayo,Estacionamiento,"-12,0706","-77,0821",Deshierbo,Deshierbo poncianas,,https://drive.google.com/file/d/11ehwyOXKx3bal57P5bXQ3Blf-Ze6F-G0/view?usp=sharing,responsable,
Rehabilitación y rediseño de jardines,,,19/05/2026,mayo,Fares,"-12,0649","-77,0786",Mejoramiento del suelo,Sacado de champa de grass,,https://drive.google.com/file/d/1EC3eLJgXshphWygEPGcvw1bLcRkuODan/view?usp=drive_link,responsable,
Riego,,,20/05/2026,mayo,Estacionamiento,"-12,0713","-77,0822",Riego manual,Riego de poncianas,,https://drive.google.com/file/d/1psZxbsl1P5t9LXJYm3nupNf4dbiEJNLj/view?usp=sharing,responsable,
Habilitación de jardines,,,20/05/2026,mayo,Fares,"-12,0649","-77,0786",Instalación de césped,Se colocó champa de grass,,https://drive.google.com/file/d/12HLbC-MYD2bN3VDKPzUGTYjkwLaMVrL6/view?usp=sharing,responsable,
Habilitación de jardines,,,21/05/2026,mayo,Servicio médico,"-12,0700","-77,0795",Instalación de césped,Sacado de champa de grass y se puso de trs,,https://drive.google.com/file/d/1wJyrtnRysgW2LtUkHP4Bl1ADE52eBpJF/view?usp=sharing,responsable,
Rehabilitación y rediseño de jardines,,,21/05/2026,mayo,Mac Gregor,"-12,0686","-77,0790",Resiembra,Traslado de la palmera,,https://drive.google.com/file/d/1iepNhmVIuR_0j7qbYGs6mUhgD8i_RFlV/view?usp=sharing,responsable,
Rehabilitación y rediseño de jardines,,,21/05/2026,mayo,Arquitectura,"-12,0711","-77,0809",Renovación de jardineras,Arreglo,,https://drive.google.com/file/d/1i8Cbc8O8IWFv_fVoBwp8IqOeWuffOr56/view?usp=sharing,responsable,
Poda,,,25/05/2026,mayo,Psicología,"-12,0682","-77,0808",Poda de despeje/reducción,Poda,,https://drive.google.com/file/d/1dT6E-wBPoshUlhScFFbzkqSprMAKgtH0/view?usp=sharing,responsable,
Poda,,,26/05/2026,mayo,Arquitectura,"-12,0720","-77,0808",Poda de mantenimiento,Canteo y Poda,,https://drive.google.com/file/d/1lXgF3_iF-Qo5ABF1le7F3G7oynA1jz-F/view?usp=drive_link,responsable,
Poda,,,27/05/2026,mayo,Centenario,"-12,0709","-77,0803",Poda de mantenimiento,"Poda , deshierbo y riego",,https://drive.google.com/file/d/1RYSjLHbgL_tb9QChoDMfRew8TwuudtJU/view?usp=drive_link,responsable,
Poda,,,01/06/2026,junio,Jardin central,"-12,0691","-77,0794",Poda de despeje/reducción,Canteo y poda jardín central,,https://drive.google.com/file/d/12dLYQQbHy7-wuMYXx-uPwCJ2RVSBgT3j/view?usp=sharing,responsable,
Mantenimiento de jardines,,,02/06/2026,junio,Comedor Central,"-12,0703","-77,0812",Limpieza integral de jardineras,Limpieza Comedor Central,,https://drive.google.com/file/d/1GIzVJhS17QP03WBs9JfxH5pyY42oarRo/view?usp=sharing,responsable,
Poda,,,03/06/2026,junio,DIODO,"-12,0729","-77,0816",Poda de despeje/reducción,Poda cerco de laurel en DIODO,,https://drive.google.com/file/d/1MBO1D-hWO6-rBhkcRoDveNjQt3mKgwYl/view?usp=sharing,responsable,
Rehabilitación y rediseño de jardines,,,04/06/2026,junio,Servicio Médico,"-12,0698","-77,0796",Resiembra,Resiembra de flor de papa en servicio médico,,https://drive.google.com/file/d/1RiLNzMeacECHlx03-3IkivNDxvqHem8Z/view?usp=sharing,responsable,
Propagación y plantación,,,08/06/2026,junio,Servicio médico,"-12,0698","-77,0796",Propagación por esquejes,Canteo poda y senbrado de durantas servicio medico,,https://drive.google.com/file/d/1bC4GBFDXik3IxfRfehsenysYzQhKQHPA/view?usp=sharing,responsable,
Propagación y plantación,,,08/06/2026,junio,Arte Antiguo,"-12,0704","-77,0797",Propagación por esquejes,Canteo poda y senbrado de durantas ,,https://drive.google.com/file/d/1xEjbTh8lsTeSxJmiPAMCDAvWWzBc56O7/view?usp=sharing,responsable,
Mantenimiento de jardines,,,08/06/2026,junio,CETAM,"-12,0730","-77,0827",Canteo,Canteo,,https://drive.google.com/file/d/1729dOMN4d2fkT5-6NwC8dKgpnJ-yAig-/view?usp=sharing,responsable,
Riego,,,09/06/2026,junio,playa estacionamiento studio TV,"-12,0682","-77,0814",Riego manual,Regado las poncianas,,https://drive.google.com/file/d/1Su_rMtUzCr_lgxd0JCIbh_2emzBqNGYU/view?usp=sharing,responsable,
Mantenimiento de jardines,,,09/06/2026,junio,Pabellón Z,"-12,0692","-77,0809",Limpieza de hojarasca,Limpieza en Z,,https://drive.google.com/file/d/1mOtO6FSWea7Sbv71RXZPPHMZyVCsTnGy/view?usp=sharing,responsable,
Poda,,,09/06/2026,junio,Educación,"-12,0675","-77,0795",Poda de despeje/reducción,Canteo y poda educación,,https://drive.google.com/file/d/1IdAm4KQk6ht-OhcRDlnkvw2v5nGiu0It/view?usp=sharing,responsable,
Poda,,,10/06/2026,junio,Comedor Central,"-12,0703","-77,0816",Poda de despeje/reducción,Poda de papelillo en Comedor Central,,https://drive.google.com/file/d/113XGSjyNW-PYrpBVjejA06cWgB0r11KY/view?usp=sharing,responsable,
Propagación y plantación,,,10/06/2026,junio,Jardin Central,"-12,0694","-77,0784",Propagación por esquejes,Renovacion de plantas jardin entrada principal,,https://drive.google.com/file/d/1HtkZipsesHBvB4dhamdkj34TLYh8ah1z/view?usp=sharing,responsable,
Habilitación de jardines,,,10/06/2026,junio,Servicio médico,"-12,0700","-77,0795",Instalación de césped,chanpeado de cesped ,,https://drive.google.com/file/d/114FbuZd5HUO1dKZf6S8deElnkefy-IdF/view?usp=sharing,responsable,
Mantenimiento de jardines,,,10/06/2026,junio,Comedor central,"-12,0708","-77,0814",Canteo,Canteo y poda,,https://drive.google.com/file/d/1ROdpabVy3bO_MOMVu8PCvmCVGVHk4Iz8/view?usp=sharing,responsable,
Poda,,,11/06/2026,junio,EEGGLL (Estudios generales Letras),"-12,0674","-77,0798",Poda de mantenimiento,Poda,,https://drive.google.com/file/d/1cRA3_PTPUG97nVr8offNjBkpLjPzBvdI/view?usp=sharing,responsable,
Poda,,,11/06/2026,junio,Comedor de Letras,"-12,0685","-77,0801",Poda de mantenimiento,Poda,,https://drive.google.com/file/d/15FAZjq6b4x1pdymxjHg2BY5DVsi1eM1Z/view?usp=sharing,responsable,
Mantenimiento de jardines,,,11/06/2026,junio,Derecho,"-12,0699","-77,0813",Canteo,Canteo y poda ,,https://drive.google.com/file/d/1EfF99hsZJwQVviaoiLxM1xM9VkKo2OEz/view?usp=sharing,responsable,
Rehabilitación y rediseño de jardines,,,12/06/2026,junio,Cactario,"-12,0723","-77,0785",Renovación de jardineras,Trabajo de reubicación y mejoramiento en cactario,,https://drive.google.com/file/d/1JbmSVPaRGwb78wf9y-Uhz7B1aPnwhnfh/view?usp=sharing,responsable,
Rehabilitación y rediseño de jardines,,,13/06/2026,junio,Cactario,"-12,0724","-77,0786",Renovación de jardineras,Trabajo de reubicación y mejoramiento en cactario,,https://drive.google.com/file/d/1lksM0o4CYBr0uM7TO5HwJ4Y1W-Xa_T8P/view?usp=sharing,responsable,
Poda,,,13/06/2026,junio,Comedor de Letras,"-12,0685","-77,0798",Poda de mantenimiento,Poda ligera de ramas jardín,,https://drive.google.com/file/d/1ZJi_QKyqE6J1eGl_77LUZgpWBvNgc55B/view?usp=sharing,responsable,
Rehabilitación y rediseño de jardines,,,15/06/2026,junio,Cactario,"-12,0721","-77,0785",Renovación de cobertura ornamental,Terminando esparcir arena en las lomadas,,https://drive.google.com/file/d/1WtC5GUFJwuYUTGXCaQfxG2TnpD6Vce9T/view?usp=sharing,responsable,
Mantenimiento de jardines,,,15/06/2026,junio,Derecho,"-12,0699","-77,0813",Canteo,Canteo y poda,,https://drive.google.com/file/d/13IugPOwxj9auTu0dMSpthDgrUPS93NW5/view?usp=sharing,responsable,
Propagación y plantación,,,16/06/2026,junio,Química,"-12,0719","-77,0796",Siembra de plantas,Sembrado de hiedra ,,https://drive.google.com/file/d/1zAW3yY6R8_hs7siaZACjl634UvfzA_DZ/view?usp=sharing,responsable,
Poda,,,17/06/2026,junio,Derecho,"-12,0701","-77,0813",Poda de despeje/reducción,Canteo y poda,,https://drive.google.com/file/d/11ROfxVKBPmDnP94Ca9I3ibVVyxmWT6Ut/view?usp=sharing,responsable,
Mantenimiento de jardines,,,18/06/2026,junio,Arqueología,"-12,0677","-77,0809",Canteo,canteo y poda,,https://drive.google.com/file/d/1CQUchszUbbhBLc8qDIATZAJY5olLHKSN/view?usp=drive_link,responsable,
Mantenimiento de jardines,,,18/06/2026,junio,Estacionamiento,"-12,0679","-77,0815",Deshierbo,Deshiebo y tiego ponciana,,https://drive.google.com/file/d/1w7YTlWhDA64RGSTz8bgH7wx4uAvOVhcP/view?usp=sharing,responsable,
Mantenimiento de jardines,,,19/06/2026,junio,Letras y Ciencias Humanas,"-12,0697","-77,0812",Limpieza integral de jardineras,Macizo ,,https://drive.google.com/file/d/1tmi5YRDAKYa3yu0nzRo41HDiKkEPUM6Q/view?usp=sharing,responsable,
Mantenimiento de jardines,,,22/06/2026,junio,Puerta Rivaguero,"-12,0695","-77,0819",Canteo,Canteo,,https://drive.google.com/file/d/1xJzopHnQx9OqaIZHQdVtyMiSgFeryFiC/view?usp=sharing,responsable,
Poda,,,23/06/2026,junio,Ciencias contables,"-12,0705","-77,0786",Poda de mantenimiento,Poda de ábroles,,https://drive.google.com/file/d/1kLiY5siFLGNEkZubAAMg0oQXTJlgEc9b/view?usp=sharing,responsable,
Propagación y plantación,,,24/06/2026,junio,Jardin Lateral McGregor,"-12,0684","-77,0783",Siembra de plantas,Sembrado y macizo,,https://drive.google.com/file/d/14vn5QVQ6Ny7NJA_bZ4ejCKtqRAs53-v6/view?usp=sharing,responsable,
Poda,,,25/06/2026,junio,Azotea EEGGLL,"-12,0674","-77,0802",Poda de mantenimiento,Poda de áboles,,https://drive.google.com/file/d/1bmtRrs0rRP7zbeiIR4rABUFb1sBCfDdx/view?usp=sharing,responsable,
Poda,,,25/06/2026,junio,FARES,"-12,0654","-77,0784",Poda de mantenimiento,Poda de árboles,,https://drive.google.com/file/d/1-9kcXIEM91__k3RAYPEqGPmZWXowpVgY/view?usp=sharing,responsable,
Mantenimiento de jardines,,,25/06/2026,junio,FARES,"-12,0654","-77,0783",Canteo,Canteo,,https://drive.google.com/file/d/1BM0zvYoCoHe9Q3X2kBw6Rg_gTonLw5nK/view?usp=sharing,responsable,
Propagación y plantación,,,26/06/2026,junio,Industrial,"-12,0729","-77,0822",Siembra de plantas,Siembra de frutales,,https://drive.google.com/file/d/1Qnj0-LEJhlSAdeZ_5wCSezLCA6nfeTTL/view?usp=sharing,responsable,
Propagación y plantación,,,27/06/2026,junio,Rivaguero,"-12,0692","-77,0817",Trasplante,Sacado de 1 árbol ponciana,,https://drive.google.com/file/d/1oZz-LnhPz-Bc6kgWiCIYVLUCuiZB2ptt/view?usp=sharing,responsable,
Propagación y plantación,,,27/06/2026,junio,Rivaguero,"-12,0683","-77,0815",Trasplante,Sacado de 2 huranguay,,https://drive.google.com/file/d/18EaaD7Hf8Sr14UWv0OM58tjkjtZZX9Cf/view?usp=sharing,responsable,
Mantenimiento de jardines,,,29/06/2026,junio,Arte Nuevo,"-12,0671","-77,0784",Canteo,Canteo,,https://drive.google.com/file/d/1_1SAEDF86EtdQ59wPao1XAvhX_2tVp_T/view?usp=sharing,responsable,
Propagación y plantación,,,30/06/2026,junio,Minas,"-12,0720","-77,0817",Trasplante,Sacados de Dracaenas,,https://drive.google.com/file/d/11qSvumSEvzXuNqUDo11Xnpd9uLUssOy6/view?usp=sharing,responsable,Se extrajo 15 dracenas para la posición en otra zona
Mantenimiento de jardines,,,01/07/2026,julio,CENTENARIO,"-12,0709","-77,0803",Deshierbo,Deshierbo,,https://drive.google.com/file/d/14Bvg_SkE9rAqJkl66E13adDrm6eBWpsz/view?usp=sharing,responsable,
Propagación y plantación,,,01/07/2026,julio,Jardin Central,"-12,0688","-77,0792",Siembra de plantas,"Remoción, siembra y riego de durantas, sector puerta principal.",,https://drive.google.com/file/d/1tHgXAkQWOOn_1Kv8uKYAoIs89nWzKYFa/view?usp=sharing,responsable,Se sembró más de 1000 esquejes de durantas en el jardín principal 
Propagación y plantación,,,02/07/2026,julio,Ing CIVIL,"-12,0716","-77,0820",Siembra de plantas,Se sembró 15 dracaenas extraidos de Minas,,https://drive.google.com/file/d/1TF4llrJlY2zaofP5y_MbOxhHWNJqtJ1K/view?usp=sharing,responsable,Mano de obra y 
Propagación y plantación,,,02/07/2026,julio,Minas,"-12,0721","-77,0818",Siembra de plantas,Siembra de Sakura,,https://drive.google.com/file/d/1NJnPv6sGP2qLs95jjyo5wyvELRhZNeeN/view?usp=sharing,responsable,Siembra de 10 árboles de Sakura
Mantenimiento de jardines,,,02/07/2026,julio,Cactario,"-12,0723","-77,0785",Deshierbo,Deshierbo de cactario,,https://drive.google.com/file/d/1nW1c75bSyC_kgQipgEgrb5EE2dH8XkeA/view?usp=sharing,responsable,
Propagación y plantación,,,03/07/2026,julio,Minas,"-12,0721","-77,0817",Siembra de plantas,Siembra de 17 Matas de Penicetum,,https://drive.google.com/file/d/1ir57yXAoZOEwQR3A5WSOXlfUsOWFRyG4/view?usp=sharing,responsable,"Mano de obra
Dos sacos de 25 kg de Tierra de chacra"
Mantenimiento de jardines,,,04/07/2026,julio,Rivaguero,"-12,0716","-77,0826",Traslado de macetas,TRASLADO MACETAS Rivaguero ,,https://drive.google.com/file/d/17ry96XaXUF4x0-Lie9EGK5H-qAfDsX9p/view?usp=sharing,responsable,"34 Macetas
Carritos de traslado
Mano de obra"
Habilitación de jardines,,,04/07/2026,julio,Rivaguero,"-12,0710","-77,0824",Incorporación de sustrato,RETIRO Y RELLENADO DE MACETAS Rivaguero ,,https://drive.google.com/file/d/122334uORTKnGOWjVN_zfCgWxHYsoA9dV/view?usp=sharing,responsable,
Propagación y plantación,,,04/07/2026,julio,Rivaguero,"-12,0715","-77,0826",Plantación en macetas,SEMBRADO DE PENICETUM MACETAS Rivaguero ,,https://drive.google.com/file/d/1ST3OPDvNnTC69lljS3TGCs0DG6zka-kH/view?usp=sharing,responsable,"34 Matas de Penicetum 
34 Macetas
Mano de Obras
34 sacos de 25kg de Tierra de Chacra
"
Propagación y plantación,,,04/07/2026,julio,Minas,"-12,0723","-77,0818",Trasplante,Sacado de Penicetum,,https://drive.google.com/file/d/1JM0NmTEfm8mu-U4JjFvJMT9rd-vUbUx1/view?usp=sharing,responsable,34 Matas de Penicetum
Propagación y plantación,,,06/07/2026,julio,Gelarti,,,Siembra de plantas,Siembra de Congonas,,https://drive.google.com/file/d/1sdRCEjbid9rflhSCBav0ox7i4VRMGXzj/view?usp=sharing,responsable,
Propagación y plantación,,,06/07/2026,julio,Rivaguero,,,Trasplante a macetas,Se sacó 2 cactus de macetas,,https://drive.google.com/file/d/1gME9BVE48Ulw1huJjUKfFzzbLl7-tXqw/view?usp=sharing,responsable,
Propagación y plantación,,,07/07/2026,julio,Rivaguero,,,Plantación en macetas,Siembra de Ichu,,https://drive.google.com/file/d/164dzrGTSa2Zp8mQFuxhJ5gzA_8ScjTZQ/view?usp=drive_link,responsable,
Manejo de residuos vegetales,,,08/07/2026,julio,Punto de Acopio,,,Disposición o aprovechamiento de residuos,Traslado de malezas.,,https://drive.google.com/file/d/1nXUEG7coqNPHn2YPATjjGA8WbIORWtTz/view?usp=drive_link,responsable,
Habilitación de jardines,,,11/07/2026,julio,Estudios Generales Ciencias,,,Instalación de césped,Colocación de champa de Grass,,https://drive.google.com/file/d/1fAL5v9lkMrCeTYgkKxczG8GhRRE1jxN9/view?usp=drive_link,responsable,
Habilitación de jardines,,,11/07/2026,julio,Estudios Generales Ciencias,,,Preparación del terreno,Preparado del terreno,,https://drive.google.com/file/d/1zU__fT6ThPWT22b_46jIAKrW9rTd3EUm/view?usp=drive_link,responsable,
Habilitación de jardines,,,11/07/2026,julio,Pabellón Z,,,Instalación de césped,Colocación de champa de Grass,,https://drive.google.com/file/d/1Xh_BL255oIQAzsTZzEQlOkLU5j_Hj3iR/view?usp=drive_link,responsable,
Manejo de residuos vegetales,,,11/07/2026,julio,Punto de Acopio,,,Disposición o aprovechamiento de residuos,Traslado de Maleza,,https://drive.google.com/file/d/1xCY_N_l7nsmgJqUmI6kXsVk6Ow5NuVYo/view?usp=drive_link,responsable,
Mantenimiento de jardines,,,13/07/2026,julio,Bosque Seco,,,Limpieza de hojarasca,Barrido de hojarasca,,https://drive.google.com/file/d/1cKpVfHUbZ4VWQoHfXpBmn-xcrj3aHCTl/view?usp=drive_link,responsable,
Manejo de residuos vegetales,,,13/07/2026,julio,Punto de Acopio,,,Disposición o aprovechamiento de residuos,Traslado de Maleza,,https://drive.google.com/file/d/1M7OQwaR-ilaORYuonZvOyY5uWvCWrjLj/view?usp=drive_link,responsable,
Rehabilitación y rediseño de jardines,,,13/07/2026,julio,Física,,,Resiembra,Resembrado de Plumbago,,https://drive.google.com/file/d/1MavdbMccxeDeY0WxvXjlo9fDB_ON8wSA/view?usp=drive_link,responsable,
Mantenimiento de jardines,,,13/07/2026,julio,Biblioteca Central,,,Deshierbo,Deshierbo,,https://drive.google.com/file/d/1EugZorKVeScTLWDHiPFcLp1dSqvRmhbE/view?usp=drive_link,responsable,
Manejo de residuos vegetales,,,15/07/2026,julio,Punto de Acopio,,,Disposición o aprovechamiento de residuos,Traslado de Maleza,,https://drive.google.com/file/d/11GLbv-YnJzMpGwa28IW_S3yJ1qUoD0ut/view?usp=drive_link,responsable,
Propagación y plantación,,,16/07/2026,julio,Psicología,,,Trasplante,Retiro y trasplante de una planta,,https://drive.google.com/file/d/1DcLoU1pxcx5iJQjSUAXs8cxmrCVaUiCp/view?usp=drive_link,responsable,
,,,16/07/2026,julio,Psicología,,,,Sacado del grass,,https://drive.google.com/file/d/1SCVJNHjyxgZOw7DcVHYj6Qm5LUHApJz1/view?usp=drive_link,responsable,
Habilitación de jardines,,,16/07/2026,julio,Letras y Ciencias Humanas,,,Instalación de césped,Colocación de champa de Grass,,https://drive.google.com/file/d/1Ro-UqgYmyuqmaYyvVO9Npsfe47nW79wX/view?usp=drive_link,responsable,
Manejo de residuos vegetales,,,16/07/2026,julio,Punto de Acopio,,,Disposición o aprovechamiento de residuos,Traslado de Maleza,,https://drive.google.com/file/d/1t7Icm1q2PeWoe8WSVPny9lC49SqVYg6o/view?usp=drive_link,responsable,
Propagación y plantación,,,16/07/2026,julio,Biblioteca de Teología,,,Siembra de plantas,Sembrado alternanthera,,https://drive.google.com/file/d/11mbd2wCQNqszJq_YPgZW2HnJ-sO_EzZD/view?usp=drive_link,responsable,
Rehabilitación y rediseño de jardines,,,17/07/2026,julio,Biblioteca de Teología,,,Renovación de jardineras,Arreglo de macizos,,https://drive.google.com/file/d/16Kmo3mBVTBfueQKuFSpJJtSSczQd7sj7/view?usp=drive_link,responsable,
Riego,,,18/07/2026,julio,Rivaguero,,,Riego manual,Riego de poncianas,,https://drive.google.com/file/d/14xQHl4PSVuF-0OtGdMN915wvhFcMvSIV/view?usp=drive_link,responsable,
Manejo de residuos vegetales,,,18/07/2026,julio,Punto de Acopio,,,Disposición o aprovechamiento de residuos,Traslado de Maleza,,https://drive.google.com/file/d/1rrFUliN2lcYBiP9r8HNkzQhtn4jQqgKr/view?usp=drive_link,responsable,
Mantenimiento de jardines,,,20/07/2026,julio,Industrial,,,Limpieza integral de jardineras,Limpieza de jardinera,,https://drive.google.com/file/d/15TBgaiDceXknlcW7TLoBHr4yrQ23IJ20/view?usp=drive_link,responsable,
Propagación y plantación,,,21/07/2026,julio,Química,,,Trasplante,Traslado de crotos,,https://drive.google.com/file/d/1gHL_cLnB3e-82p1sZY_TGbPkomFszlQP/view?usp=sharing,responsable,
Propagación y plantación,,,21/07/2026,julio,Fares,,,Siembra de plantas,Siembra de Crotos trasladados,,https://drive.google.com/file/d/1wKfmCIaIUl-UkL2OvCHGFQlR7FaiW8Lb/view?usp=drive_link,responsable,
Propagación y plantación,,,21/07/2026,julio,Fares,,,Siembra de plantas,Siembra de lantana,,https://drive.google.com/file/d/1eMFm6dvL52Y37IoY0nWnKKoQmbp54ycz/view?usp=drive_link,responsable,
Habilitación de jardines,,,21/07/2026,julio,CEPREPUC,,,Preparación del terreno,Enparejado de sanja,,https://drive.google.com/file/d/1m5Wg-zZBvSzG-ulsnNO9mYAAN5wlrDrR/view?usp=drive_link,responsable,
Propagación y plantación,,,21/07/2026,julio,Industrial,,,Siembra de plantas,Siembra de liriopes,,https://drive.google.com/file/d/1lUU2yUrByO7kk_59q0uVyE3YBiAcZ7vz/view?usp=drive_link,responsable,
Manejo de residuos vegetales,,,22/07/2026,julio,Punto de Acopio,,,Disposición o aprovechamiento de residuos,Traslado de Maleza,,https://drive.google.com/file/d/1tIGqXmr46Gf2va96pgvDzrw7nLhhv6f-/view?usp=drive_link,responsable,
Propagación y plantación,,,22/07/2026,julio,Mac Gregor,,,Trasplante,Trasnplante de palmera,,https://drive.google.com/file/d/16fQoJVbISdIGHgke7c8daAGJbmKv1Ko-/view?usp=drive_link,responsable,
Poda,,,22/07/2026,julio,Apoyo Rural,,,Poda de despeje/reducción,Poda de laureles,,https://drive.google.com/file/d/1YGZdeypGsM9OT9c7KBfYJ7ermFgORqBF/view?usp=drive_link,responsable,
Riego,,,24/07/2026,julio,Rivaguero,,,Riego manual,Regado de macetas,,https://drive.google.com/file/d/15j0GJ0v6npIfohI4-YT_gDT9wWYxWJam/view?usp=drive_link,responsable,
Riego,,,30/07/2026,julio,Fares,,,Riego nocturno,Riego nocturno en FARES,,https://drive.google.com/file/d/1C7G0WsF9X1V-dYjeXm9oXHRc2RHNgODq/view?usp=drive_link,responsable,
Mantenimiento de jardines,,,31/07/2026,julio,Psicología,,,Limpieza de hojarasca,Barrido de hojarasca,,https://drive.google.com/file/d/17TMYnQpRBFe8XkXL0sOCZtLqOHTMN1dZ/view?usp=drive_link,responsable,
Mantenimiento de jardines,,,31/07/2026,julio,Letras y Ciencias Humanas,,,Limpieza de hojarasca,Barrido de hojarasca,,https://drive.google.com/file/d/1nrzAf7-fw4Q39ZaK2KY3CEdd41srheKs/view?usp=drive_link,responsable,
Manejo de residuos vegetales,,,31/07/2026,julio,Punto de Acopio,,,Disposición o aprovechamiento de residuos,Traslado de Maleza,,https://drive.google.com/file/d/1TM4--bNTDZ5P80pvLlwYB-zQaO6SvpSQ/view?usp=drive_link,responsable,
Mantenimiento de jardines,,,01/08/2026,agosto,Centenario,,,Canteo,Canteo,,https://drive.google.com/file/d/1Y7-9CJZLaY1XJG9oRZUSFvkqEUy62tay/view?usp=drive_link,responsable,
Habilitación de jardines,,,07/08/2026,agosto,puerta principal.,,,Preparación del terreno,Preparación del suelo para la instalación de cesped,,https://drive.google.com/file/d/1uRR9hDWi3tW4QZBVZGiSvkMcnigHX6hC/view?usp=drive_link,responsable,
Habilitación de jardines,,,07/08/2026,agosto,puerta principal.,,,Instalación de césped,Instalación de cesped,,https://drive.google.com/file/d/1anpk3MvDMI6Wsi5QAzglmxSbDfGVqx0w/view?usp=drive_link,responsable,
Habilitación de jardines,,,07/08/2026,agosto,CEPREPUC,,,Instalación de césped,Instalación de cesped,,https://drive.google.com/file/d/1ErGniqs2ZvQer7kTLZalgGM3TpGTWEyk/view?usp=drive_link,responsable,
Riego,,,07/08/2026,agosto,CEPREPUC,,,Riego manual,Riego luego de la instalación de cesped,,https://drive.google.com/file/d/1PyX1fAv6b_ZKd-FOVD7-6BBF53NCcg2J/view?usp=drive_link,responsable,
Riego,,,07/08/2026,agosto,Matemáticas,,,Riego nocturno,Riego nocturno entre matemática y arquitectura,,https://drive.google.com/file/d/1InmNSxqDqld8eF5ueT-WgvlCnr0Gz-lk/view?usp=drive_link,responsable,
Propagación y plantación,,,07/08/2026,agosto,Rivaguero,,,Plantación en macetas,Plantación de Ichus,,https://drive.google.com/file/d/1Y7bX1GVxZvpabn6uK70PAng8MH5W4Aw_/view?usp=drive_link,responsable,
Mantenimiento de jardines,,,08/08/2026,agosto,OCAI,,,Limpieza integral de jardineras,Limpieza de macizos,,https://drive.google.com/file/d/1mfFO-joC8GU4cSgHF09fFcdkyUEiTVB5/view?usp=drive_link,responsable,
Mantenimiento de jardines,,,08/08/2026,agosto,Arquitectura,,,Canteo,Canteo en la plazuela,,https://drive.google.com/file/d/1ip78uZVriujqgJ_jbahWTy97lC_2nEVl/view?usp=drive_link,responsable,
Mantenimiento de jardines,,,08/08/2026,agosto,OCAI,,,Deshierbo,Deshierbo de jardin,,https://drive.google.com/file/d/1-yD5oEQeH_kCsqUhZ27RZESwltY3z1nm/view?usp=drive_link,responsable,
Mantenimiento de jardines,,,08/08/2026,agosto,Comedor Central,,,Deshierbo,Deshierbo,,https://drive.google.com/file/d/1BRDkISAc3pZdvKzX_iFJszo8pxUSZ65X/view?usp=drive_link,responsable,
Mantenimiento de jardines,,,08/08/2026,agosto,Matemáticas,,,Canteo,Canteo y deshierbo,,https://drive.google.com/file/d/1vSMkr5k-DRR_xkffwDUlf-GwS6MdDgI5/view?usp=drive_link,responsable,
Mantenimiento de jardines,,,08/08/2026,agosto,Punto de Acopio,,,Deshierbo,Canteo y mantenimiento,,https://drive.google.com/file/d/1bnQ0XT4nn6tzJT8I2Hhit7glXYxO8Dle/view?usp=drive_link,responsable,
Habilitación de jardines,,,10/08/2026,agosto,Jardin Central,,,Preparación del terreno,Preparación de terreno,,https://drive.google.com/file/d/1WJLJUZpCBJMoUbeD3HRIuGwO1mGOES0T/view?usp=drive_link,responsable,
Riego,,,10/08/2026,agosto,Arquitectura,,,Riego nocturno,Riego nocturno,,https://drive.google.com/file/d/1LgnXMSBjzZu66ZXoDVySsiccZ7wiDewS/view?usp=drive_link,responsable,
Habilitación de jardines,,,12/08/2026,agosto,Jardin Central,,,Instalación de plantas,Instalación de senecio y duranta,,https://drive.google.com/file/d/141_4rLtasjJ9e5xXzK-wRB6lzt5k-Ucf/view?usp=drive_link,responsable,
Rehabilitación y rediseño de jardines,,,13/08/2026,agosto,Química,,,Renovación de cobertura ornamental,Se sacó lantana y Granada de cerco,,https://drive.google.com/file/d/1BLD_ZmKW9zsjEix5N-_EuVYmN1N1w141/view?usp=drive_link,responsable,
Mantenimiento de jardines,,,13/08/2026,agosto,INRAS,,,Canteo,Canteo,,https://drive.google.com/file/d/1Lh38r482PjsQl08KyKw3uInkmYxZj_vI/view?usp=drive_link,responsable,
Habilitación de jardines,,,14/08/2026,agosto,El puesto,,,Instalación de plantas,Siembra de congona y lengua de suegra,,https://drive.google.com/file/d/13Gx6nl7zwcAJ34LaM9_c0M2J6fTEQhk1/view?usp=drive_link,responsable,
Habilitación de jardines,,,14/08/2026,agosto,El puesto,,,Instalación de plantas,Siembra de ave de paraiso y taro de rata,,https://drive.google.com/file/d/1Z1iDXR9zrt9Y7A-oZVGENLsqR1dMLy-u/view?usp=drive_link,responsable,
Habilitación de jardines,,,14/08/2026,agosto,El puesto,,,Colocación de cobertura ornamental,colocación de piedra de granito,,https://drive.google.com/file/d/1pFc9OTa0gmt0x9dX5kvFvXljJCS8-icx/view?usp=drive_link,responsable,
Manejo de residuos vegetales,,,17/08/2026,agosto,Punto de Acopio,,,Disposición o aprovechamiento de residuos,Se trasladó maleza,,https://drive.google.com/file/d/1IrN2DAF1P0HyY1zC7bMwf-fJyO8kC4_g/view?usp=drive_link,responsable,
Mantenimiento de jardines,,,17/08/2026,agosto,Mac Gregor,,,Deshierbo,Deshierbo,,https://drive.google.com/file/d/1pluhEVdo0caA6c4j854T5SOAKpIFbUTh/view?usp=drive_link,responsable,
Poda,,,18/08/2026,agosto,Ing CIVIL,,,Poda de mantenimiento,Poda de lantana,,https://drive.google.com/file/d/1SQTPYVMeEXyM7MWW2vfm4qt4lSYomurD/view?usp=drive_link,responsable,
Mantenimiento de jardines,,,18/08/2026,agosto,Polideportivo,,,Canteo,Canteo,,https://drive.google.com/file/d/17JEQ8Y7onYUygPUXaW2FPOHznPvm6HSz/view?usp=drive_link,responsable,
Mantenimiento de jardines,,,18/08/2026,agosto,Mac Gregor,,,Canteo,Canteo,,https://drive.google.com/file/d/1TMK1jVaejQiL9xvTx9sFW9IdgWjhvaX2/view?usp=drive_link,responsable,
Mantenimiento de jardines,,,19/08/2026,agosto,Jardin Central,,,Canteo,Canteo y poda,,https://drive.google.com/file/d/1Fdll3KFdwGvUkN7N7BU--4F_Yg3DSIF3/view?usp=drive_link,responsable,
Rehabilitación y rediseño de jardines,,,19/08/2026,agosto,Rivaguero,,,Renovación de cobertura ornamental,Se cambió Ichu en algunas macetas,,https://drive.google.com/file/d/1UIMkkanH_GjImjUbQeWfyWTFtcZIz8Wo/view?usp=drive_link,responsable,
Manejo de residuos vegetales,,,19/08/2026,agosto,Punto de Acopio,,,Disposición o aprovechamiento de residuos,Traslado de maleza,,https://drive.google.com/file/d/1pV3NRnzXK9gemFTSHA9_DDmHmP0F5XXW/view?usp=drive_link,responsable,
Propagación y plantación,,,19/08/2026,agosto,Minas,,,Siembra de plantas,Siembra de Ichu,,https://drive.google.com/file/d/1qnb3oRu_lqyh7s1qI4uNXlcxTgHmprIc/view?usp=drive_link,responsable,
Mantenimiento de jardines,,,20/08/2026,agosto,Cactario,,,Deshierbo,Deshierbo,,https://drive.google.com/file/d/1-CSRAVVvnrxuXA32sExLgaWj3vj6Hh_u/view?usp=drive_link,responsable,
Mantenimiento de jardines,,,20/08/2026,agosto,Bosque Seco,,,Canteo,Canteo y Barrido,,https://drive.google.com/file/d/1gul4OXgjJiw89yPQOByLaH7XR5joM2Jc/view?usp=drive_link,responsable,
Mantenimiento de jardines,,,20/08/2026,agosto,Minas,,,Deshierbo,Deshierbo,,https://drive.google.com/file/d/1t5YfH-X2Z-3-zrf2wtJMpjxBUF3ODN9N/view?usp=drive_link,responsable,
Mantenimiento de jardines,,,20/08/2026,agosto,Arquitectura,,,Canteo,Canteo y poda,,https://drive.google.com/file/d/1dbIlr-ZngV4caWAVKAg5yMuHQWkhI0C7/view?usp=drive_link,responsable,
Riego,,,20/08/2026,agosto,Arquitectura,,,Riego nocturno,Riego nocturno 3 aspersores,,https://drive.google.com/file/d/1g6pB1g6r-71z5ne0DEL_rqu6n8LZoYUR/view?usp=drive_link,responsable,
Propagación y plantación,,,21/08/2026,agosto,Laboratorios,,,Siembra de plantas,Sembrado de  3 crotos,,https://drive.google.com/file/d/1X5xnJT4Q2gAm8iv2DpbFE5xE3BfIqfpY/view?usp=drive_link,responsable,
Mantenimiento de jardines,,,22/08/2026,agosto,OCAI,,,Limpieza integral de jardineras,"Después de un breve riego matutino, limpieza de macizos (OCAI )",,https://drive.google.com/file/d/1Pr5BvIYGNwaSmEF0khJkIi4jWpGfoWKp/view?usp=drive_link,responsable,
Mantenimiento de jardines,,,22/08/2026,agosto,Jardin Central,,,Deshierbo,Deshierbo de la estrella,,https://drive.google.com/file/d/1OvOQI_ij7Gd8STFKYcJLRrozprd8_mlN/view?usp=drive_link,responsable,
Mantenimiento de jardines,,,24/08/2026,agosto,Arquitectura,,,Limpieza de hojarasca,Barrido de hojarasca,,https://drive.google.com/file/d/15YNZ4pLysJ5pp9KbxLyTP6O6MfuXaDnj/view?usp=drive_link,responsable,
Mantenimiento de jardines,,,24/08/2026,agosto,EEGGLL (Estudios generales Letras),,,Canteo,Mantenimiento de EEGGLL,,https://drive.google.com/file/d/1mu42UEZIglnKnYutSOJPSydPigmIz0WI/view?usp=drive_link,responsable,
Propagación y plantación,,,27/08/2026,agosto,Estudios Generales Ciencias,,,Siembra de plantas,Sembrado de santolin y sanguinaria,,https://drive.google.com/file/d/1R8dlRQyVxgDyphtwsGXWivvdWM10ojzp/view?usp=drive_link,responsable,
Propagación y plantación,,,27/08/2026,agosto,Ing CIVIL,,,Siembra de plantas,Siembra de Ponceana,,https://drive.google.com/file/d/1oQWaKfWifjGrqPpPMU2yyiF-jjEOvu-A/view?usp=drive_link,responsable,
Mantenimiento de jardines,,,27/08/2026,agosto,Estudio tv2,,,Limpieza de hojarasca,Barrido de Hojarasca,,https://drive.google.com/file/d/1lnpKwyZ7fbbkWvldel_NYB3CYI3goOJr/view?usp=drive_link,responsable,
Riego,,,27/08/2026,agosto,Fares,,,Riego nocturno,Riego nocturno,,https://drive.google.com/file/d/1MIn4h9t3rARYz8kPwgTMnIbWrjc0CmCl/view?usp=drive_link,responsable,
Mantenimiento de jardines,,,29/08/2026,agosto,EEGGLL (Estudios generales Letras),,,Canteo,Poda y canteo,,https://drive.google.com/file/d/12TmHjP_VARR5zOxUydmbIcZNSzVvPxsS/view?usp=drive_link,responsable,
,,,,diciembre,,,,,,,,,
,,,,diciembre,,,,,,,,,